{"cameraMode":{"drawMode":0,"name":"Shaded","section":"Shading Mode"},"sceneLighting":true,"audioPlay":false,"sceneViewState":{"m_AlwaysRefresh":false,"showFog":true,"showSkybox":true,"showFlares":true,"showImageEffects":true,"showParticleSystems":true,"showVisualEffectGraphs":true,"m_FxEnabled":true},"in2DMode":false,"pivot":{"x":60.20573425292969,"y":3.071979522705078,"z":20.104450225830079},"rotation":{"x":0.02261686883866787,"y":0.9125432968139648,"z":-0.40521904826164248,"w":0.050976403057575229},"size":84.54729461669922,"orthographic":true}